t_us,lat_us,aiming,hasTarget,classId,conf,cx,cy,w,h,emit_dx,emit_dy,mscale_x,mscale_y,inject_cum_x
925491,1267,1,0,-1,0,0,0,0,0,0,0,0,0,0
927289,919,1,0,-1,0,0,0,0,0,0,0,0,0,0
929579,895,1,0,-1,0,0,0,0,0,0,0,0,0,0
934851,892,1,0,-1,0,0,0,0,0,0,0,0,0,0
940637,893,1,0,-1,0,0,0,0,0,0,0,0,0,0
946216,888,1,0,-1,0,0,0,0,0,0,0,0,0,0
954634,890,1,0,-1,0,0,0,0,0,0,0,0,0,0
959390,889,1,0,-1,0,0,0,0,0,0,0,0,0,0
966673,892,1,0,-1,0,0,0,0,0,0,0,0,0,0
975296,889,1,0,-1,0,0,0,0,0,0,0,0,0,0
981740,891,1,0,-1,0,0,0,0,0,0,0,0,0,0
989258,889,1,0,-1,0,0,0,0,0,0,0,0,0,0
997545,889,1,0,-1,0,0,0,0,0,0,0,0,0,0
8868807,1225,1,1,1,0.431584,170.908,148.016,11.8398,11.6406,2,-1,1,1,0
8871297,1175,1,1,1,0.471223,171.455,148.957,11.6055,11.2578,4,-1,1,1,0
8872460,984,1,1,1,0.420599,171.807,148.998,11.5586,11.1445,3,-1,1,1,0
8877687,1157,1,1,1,0.465387,172.207,149.273,11.2266,11.2188,4,-1,1,1,0
8884062,1165,1,1,1,0.512693,172.434,149.211,11.2422,11.2656,4,-1,1,1,0
8889692,1161,1,1,1,0.533155,172.855,149.619,10.8516,10.9883,4,-1,1,1,0
8897709,1166,1,1,1,0.451326,173.094,149.545,10.6875,10.7383,4,-1,1,1,0
8903944,1162,1,1,1,0.506836,173.344,149.836,10.7812,10.7188,4,-1,1,1,0
8912330,1160,1,1,1,0.407805,173.56,150.227,10.4434,10.7266,4,0,1,1,0
8918364,1168,1,1,1,0.37479,173.719,150.031,10.0625,10.4062,4,-1,1,1,0
8926024,1169,1,1,1,0.370224,173.413,149.6,10.0879,10.0195,5,-1,1,1,0
8931831,1159,1,1,1,0.398875,173.436,149.721,9.85547,9.85547,4,-2,1,1,0
8940913,1160,1,1,1,0.370224,173.602,149.256,9.26562,9.20703,4,-1,1,1,0
8947092,1157,1,1,1,0.446495,173.912,149.445,9.15234,9.5625,4,-2,1,1,0
8955019,1157,1,1,1,0.415373,174.176,149.713,9.27344,9.40234,5,-1,1,1,0
8960606,1159,1,1,1,0.325092,174.666,149.969,9.16016,9.03125,4,-1,1,1,0
8965970,1159,1,1,1,0.33764,174.922,150.191,8.92188,9.14844,5,-1,1,1,0
8973164,1159,1,1,1,0.285372,175.129,150.113,8.99219,9.19531,5,-1,1,1,0
8978152,1158,1,1,1,0.26971,175.506,150.457,9.39453,9.45312,5,-1,1,1,0
8994618,1158,1,1,1,0.293,176.348,150.234,10.1484,10.1875,6,-1,1,1,0
9000759,1160,1,1,1,0.257577,176.309,149.816,9.94531,10.6094,5,0,1,1,0
9005308,1158,1,1,1,0.486332,176.9,150.477,10.5977,10.9609,6,-1,1,1,0
9012909,1159,1,1,1,0.217005,176.725,150.844,10.3008,11.0469,6,0,1,1,0
9019048,1157,1,1,1,0.464901,176.926,150.758,10.6641,10.7969,5,-1,1,1,0
9031249,1169,1,1,1,0.555435,176.963,150.617,10.3789,10.4531,6,-1,1,1,0
9037243,1168,1,1,1,0.52829,177.809,150.611,10.7969,11.0273,6,0,1,1,0
9044557,1164,1,1,1,0.542863,178.549,150.752,10.543,10.9023,7,-1,1,1,0
9051129,1159,1,1,1,0.637031,178.994,150.725,10.8086,10.957,7,0,1,1,0
9057462,1161,1,1,1,0.510741,179.312,150.266,10.5312,10.875,7,-1,1,1,0
9062535,1167,1,1,1,0.496094,179.58,149.828,10.8633,10.8672,7,-1,1,1,0
9069599,1168,1,1,1,0.510741,179.824,150.014,11.3828,11.4883,7,-1,1,1,0
9076660,1162,1,1,1,0.362969,180.256,149.893,11.4336,11.8086,7,-1,1,1,0
9082894,1157,1,1,0,0.265499,183.648,179.969,29.2031,73,10,-1,1,1,0
9088607,1155,1,1,0,0.265499,183.648,179.969,29.2031,73,1,-1,0,0,0
9095075,1158,1,1,0,0.265499,183.648,179.969,29.2031,73,2,0,0,0,0
9101030,1155,1,1,0,0.265499,183.648,179.969,29.2031,73,0,0,0,0,0
9106707,1163,1,1,0,0.812273,185.566,188,33.9297,66.6875,11,4,1,1,0
9116324,1157,1,1,0,0.279829,186.109,187.203,32.9062,69.9062,11,2,1,1,0
9124276,1159,1,1,0,0.796925,186.895,185.148,34.8359,76.4219,11,0,1,1,0
9129908,1161,1,1,0,0.80502,187.359,184.109,36.375,78.5312,11,-2,1,1,0
9137243,1171,1,1,0,0.7773,187.828,184.672,35.625,79.0312,12,-1,1,1,0
9142823,1159,1,1,0,0.830318,188.578,183.055,35.75,84.8906,12,-3,1,1,0
9149012,1160,1,1,0,0.821903,189.492,183.477,35.0469,84.0469,12,-2,1,1,0
9154576,1159,1,1,0,0.822474,190.008,183.406,34.8594,86.3125,12,-2,1,1,0
9163208,1162,1,1,0,0.833052,190.652,183.82,35.6797,87.1406,13,-2,1,1,0
9168540,1157,1,1,0,0.830318,190.785,183.977,35.5391,86.9531,13,-2,1,1,0
9175810,1163,1,1,0,0.822474,191.219,184.156,36.0625,87.3125,12,-1,1,1,0
9184062,1160,1,1,0,0.852201,191.621,184.383,37.0078,88.0156,14,-2,1,1,0
9189453,1168,1,1,0,0.809879,191.75,184.352,37.3438,88.4531,13,-1,1,1,0
9195731,1164,1,1,0,0.795975,192.297,184.242,37.2188,88.4844,13,-2,1,1,0
9201981,1163,1,1,0,0.846706,192.547,183.945,37.375,89.3906,14,-2,1,1,0
9208860,1163,1,1,0,0.85022,192.906,184.211,38.125,90.0469,13,-2,1,1,0
9213689,1162,1,1,0,0.820182,193.949,184.062,37.0703,90,15,-2,1,1,0
9219418,1159,1,1,0,0.796292,194.379,183.805,36.5234,89.3594,14,-2,1,1,0
9228470,1159,1,1,0,0.796609,194.727,184.555,35.7969,90.6094,15,-2,1,1,0
9234803,1169,1,1,0,0.738293,195.73,181.203,35.8672,83.0312,15,-2,1,1,0
9241785,1162,1,1,0,0.700485,195.867,183.039,35.5781,87.9531,15,-2,1,1,0
9247009,1173,1,1,0,0.700075,196.113,183.766,36.1484,89.2812,16,-2,1,1,0
9253029,1161,1,1,0,0.391871,196.523,180.406,35.8906,82.3125,15,-2,1,1,0
9258287,1160,1,1,0,0.838945,196.98,180.734,34.8359,82.7812,16,-3,1,1,0
9264612,1159,1,1,0,0.813165,196.902,181.328,34.9766,84.4062,16,-2,1,1,0
9271199,1160,1,1,0,0.81257,196.992,181.016,35.1406,83.9688,16,-2,1,1,0
9276615,1167,1,1,0,0.275325,197.535,179.883,35.6953,82.2656,16,-3,1,1,0
9281928,1162,1,1,0,0.849722,196.676,179.992,36.3828,81.2656,15,-2,1,1,0
9290221,1160,1,1,0,0.835215,196.637,179.266,36.6172,79.7188,16,-3,1,1,0
9295591,1164,1,1,0,0.820182,196.82,178.617,36.3281,78.2656,15,-2,1,1,0
9301513,1159,1,1,0,0.822474,197.051,177.906,35.8984,76.9375,16,-3,1,1,0
9309524,1168,1,1,0,0.830867,197.129,177.734,35.9141,76.7812,16,-3,1,1,0
9314931,1161,1,1,0,0.849223,197.086,177.727,35.6094,76.5156,16,-2,1,1,0
9320567,1166,1,1,0,0.831963,196.609,177.938,34.9375,76.75,15,-3,1,1,0
9328747,1161,1,1,0,0.832508,197.176,177.914,35.8828,77.0156,16,-2,1,1,0
9334169,1159,1,1,0,0.823611,197.305,178.188,36.0156,77.375,16,-3,1,1,0
9342958,1160,1,1,0,0.750918,197.906,180.109,37.125,81.9688,16,-2,1,1,0
9348801,1159,1,1,0,0.7398,198.344,184.125,37.25,89.75,17,-2,1,1,0
9354724,1162,1,1,0,0.743542,198.344,184.484,37.125,90.0312,16,-1,1,1,0
9362031,1161,1,1,0,0.73029,198.32,184.812,36.7344,90.875,16,-2,1,1,0
9370293,1160,1,1,0,0.42919,198.922,182.18,36.8438,86.1094,17,-2,1,1,0
9378946,1162,1,1,0,0.481454,199.469,181.297,36.5625,84.3438,17,-2,1,1,0
9384159,1166,1,1,0,0.249813,199.508,181.961,37.3594,86.4219,17,-2,1,1,0
9391675,1161,1,1,0,0.304869,199.445,178.344,36.9219,79.3125,17,-3,1,1,0
9396816,1160,1,1,0,0.248717,199.293,178.531,37.6016,79.625,17,-3,1,1,0
9405478,1161,1,1,0,0.779658,199.07,178.844,37.5469,79.25,17,-3,1,1,0
9414139,1162,1,1,0,0.821903,198.992,179.078,37.4531,78.8438,17,-2,1,1,0
9419050,1183,1,1,0,0.801315,199.305,178.391,36.7656,77.4688,17,-3,1,1,0
9426813,1160,1,1,0,0.838416,199.32,178.438,36.6094,78.1875,17,-2,1,1,0
9435489,1159,1,1,0,0.749454,199.383,177.812,36.7969,77.125,17,-3,1,1,0
9443980,1159,1,1,0,0.720171,200.109,178.188,36.5312,78.25,17,-3,1,1,0
9453354,1163,1,1,0,0.838945,200.633,178.141,36.8594,78.0938,18,-2,1,1,0
9465183,1160,1,1,0,0.661486,200.672,178.484,37.0938,78.2188,17,-3,1,1,0
9472548,1160,1,1,0,0.676192,200.953,178.344,37.2812,78,18,-2,1,1,0
9478030,1158,1,1,0,0.588889,201.234,178.156,37.4062,77.6875,18,-3,1,1,0
9485661,1159,1,1,0,0.595022,201.344,178.719,37.75,78.6875,18,-2,1,1,0
9494357,1171,1,1,0,0.518059,201.461,180.375,37.7656,82.3125,18,-2,1,1,0
9502334,1168,1,1,0,0.836822,202.086,180.133,37.1406,81.7344,19,-3,1,1,0
9510788,1161,1,1,0,0.821903,202.227,180.117,37.0781,81.7656,18,-2,1,1,0
9515765,1170,1,1,0,0.823043,202.699,178.906,36.4766,79.4375,19,-3,1,1,0
9524524,1161,1,1,0,0.821903,202.57,178.906,36.3594,79.3125,19,-2,1,1,0
9532132,1159,1,1,0,0.40592,202.547,178.75,36.5938,79.9375,18,-3,1,1,0
9538348,1157,1,1,0,0.851211,203.492,177.031,36.3906,77.4375,20,-3,1,1,0
9544914,1161,1,1,0,0.850716,203.797,177.156,36.4688,77.875,19,-3,1,1,0
9553738,1164,1,1,0,0.854156,204.445,176.633,36.2969,77.8906,20,-4,1,1,0
9562544,1161,1,1,0,0.86771,205.605,177.234,36.4453,79.0312,20,-3,1,1,0
9567778,1160,1,1,0,0.820757,206.977,177.469,35.2969,79.6875,22,-3,1,1,0
9575655,1159,1,1,0,0.79053,207.137,177.766,35.4453,79.7812,21,-3,1,1,0
9582835,1161,1,1,0,0.802865,207.41,180.453,36.1172,85.4688,21,-3,1,1,0
9591474,1159,1,1,0,0.831963,207.602,179.984,35.7344,86.1562,22,-3,1,1,0
9596940,1162,1,1,0,0.84364,208.367,182.352,36.6094,91.5469,22,-3,1,1,0
9603242,1169,1,1,0,0.537042,208.766,181.656,38.7188,91.4375,22,-3,1,1,0
9609712,1159,1,1,0,0.534613,209.688,180.766,37.3438,89.2812,22,-3,1,1,0
9615937,1157,1,1,0,0.556882,210.562,181.148,36.9375,90.2969,24,-4,1,1,0
9623938,1161,1,1,0,0.510253,210.688,180.5,36.4375,88.25,23,-3,1,1,0
9631901,1161,1,1,0,0.627039,210.742,179.453,37.2656,85.9062,23,-3,1,1,0
9640037,1163,1,1,0,0.314471,210.25,177.469,36.1875,81.75,23,-4,1,1,0
9648479,1159,1,1,0,0.674479,210.762,179.258,35.3828,86.5156,23,-3,1,1,0
9656854,1160,1,1,0,0.689724,210.465,180.195,34.7578,87.0156,22,-3,1,1,0
9661732,1160,1,1,0,0.829214,210.801,180.414,34.3359,86.4219,23,-3,1,1,0
9669437,1162,1,1,0,0.824743,210.883,180.336,34.7344,86.0781,23,-3,1,1,0
9678226,1164,1,1,0,0.84364,211.387,180.641,35.3359,85.4688,24,-3,1,1,0
9685637,1164,1,1,0,0.831416,212.016,179.875,36.5625,85,23,-2,1,1,0
9693923,1160,1,1,0,0.82866,213.004,179.719,38.6172,85.0625,25,-3,1,1,0
9702782,1160,1,1,0,0.831416,213.195,181.5,38.2656,90,24,-3,1,1,0
9710453,1170,1,1,0,0.825307,213.57,181.828,38.7344,88.4688,25,-3,1,1,0
9718039,1159,1,1,0,0.34931,213.465,182.109,39.0078,88.4688,24,-2,1,1,0
9726407,1160,1,1,0,0.794385,214.184,180.359,37.7578,85.5312,25,-3,1,1,0
9734654,1162,1,1,0,0.833052,214.039,179.172,37.4844,82.7188,25,-3,1,1,0
9743763,1162,1,1,0,0.850716,214.781,178.867,37.5625,83.3594,25,-3,1,1,0
9749079,1161,1,1,0,0.852692,214.5,178.922,37.8438,84.0312,25,-4,1,1,0
9755519,1162,1,1,0,0.823611,214.359,179.312,38.1562,84.5,25,-3,1,1,0
9763589,1162,1,1,0,0.716219,214.594,179.719,38.9375,83.375,25,-3,1,1,0
9768574,896,1,1,0,0.824743,214.32,180.148,38.2344,84.5156,25,-2,1,1,0
9775136,893,1,1,0,0.713831,213.914,180.516,38.4219,83.5312,25,-2,1,1,0
9780061,895,1,1,0,0.574633,213.191,180.578,39.8672,83.4062,24,-3,1,1,0
9787368,894,1,1,0,0.772873,213.16,181.031,40.4922,84.6875,24,-2,1,1,0
9795762,893,1,1,0,0.784979,213,181.266,41.25,82.7188,24,-2,1,1,0
9804537,896,1,1,0,0.766641,213.387,181.078,41.8516,85.5938,24,-2,1,1,0
9813149,895,1,1,0,0.810179,212.797,181.625,43.2812,86.875,24,-3,1,1,0
9820690,896,1,1,0,0.749087,211.828,181.969,45.1562,86.6875,24,-2,1,1,0
9829637,894,1,1,0,0.527803,212.629,182.562,45.7422,85.125,24,-2,1,1,0
9837798,897,1,1,0,0.339608,213.199,182.5,45.7266,82.5,24,-1,1,1,0
9845614,897,1,1,0,0.484868,211.535,183.984,47.6797,84.5938,23,0,1,1,0
9851607,896,1,1,0,0.314471,212.012,183.82,46.6641,84.2656,24,-1,1,1,0
9856881,896,1,1,0,0.540924,211.07,184.516,47.3594,83.4688,23,-1,1,1,0
9865237,893,1,1,0,0.551574,210.961,184.594,48.0156,82.1875,23,0,1,1,0
9873569,893,1,1,0,0.641085,210.727,184.688,48.0469,82.375,22,-1,1,1,0
9882624,896,1,1,0,0.636127,210.07,185.117,48.2969,83.2969,23,0,1,1,0
9890092,893,1,1,0,0.380759,210.508,186.195,46.3906,83.7344,23,0,1,1,0
9902864,1160,1,1,0,0.628408,208.43,187.016,50.7344,82.5938,21,0,1,1,0
9910108,895,1,1,0,0.29972,207.422,187.734,50.7812,81.2812,21,1,1,1,0
9918379,891,1,1,0,0.364325,205.281,187.008,54.875,80.0781,19,0,1,1,0
9926387,892,1,1,0,0.648243,201.789,188.039,59.5781,81.5781,17,1,1,1,0
9934894,897,1,1,0,0.69802,200.633,187.398,57.7656,81.1719,17,0,1,1,0
9942570,893,1,1,0,0.73029,198.117,187.477,56.9844,80.8281,15,0,1,1,0
9951083,894,1,1,0,0.740551,197.93,188.82,56.9531,78.4531,15,1,1,1,0
9959728,891,1,1,0,0.777976,194.125,188.938,60.875,79.5,13,0,1,1,0
9967450,892,1,1,0,0.517083,193.328,189.938,58.0312,77.625,12,2,1,1,0
9975767,894,1,1,0,0.816991,192.32,190.273,59.3594,78.1719,13,1,1,1,0
9984175,893,1,1,0,0.638384,190.848,190.273,59.6797,76.6719,12,1,1,1,0
9991768,894,1,1,0,0.738293,188.461,190.312,61.7656,77.1875,10,0,1,1,0
10000322,893,1,1,0,0.597373,185.867,191.141,60.3906,73.5938,9,2,1,1,0
10005830,895,1,1,0,0.302392,181.992,193.906,59.0781,67.0625,6,5,1,1,0
10013333,895,1,1,0,0.300541,179.039,194.656,59.7031,65.0625,4,6,1,1,0
10019854,894,1,1,0,0.306112,175.551,192.594,59.5234,69.5,3,2,1,1,0
10025467,896,1,1,0,0.444083,172.766,190.531,61.5938,74,2,0,1,1,0
10033982,896,1,1,0,0.51562,167.996,190.047,62.0703,73.5312,-1,0,1,1,0
10042290,896,1,1,0,0.630686,163.516,188.719,62.1562,76.5625,-3,-1,1,1,0
10047841,898,1,1,0,0.452778,159.789,188.344,58.9531,76.4375,-4,-1,1,1,0
10057989,895,1,1,0,0.66888,160.055,188.188,58.6719,75.25,-2,0,1,1,0
10065413,898,1,1,0,0.561696,151.613,188.578,62.1484,73.5312,-6,0,1,1,0
10073890,894,1,1,0,0.7773,148.699,187.859,62.2734,76.4062,-6,0,1,1,0
10078848,894,1,1,0,0.727975,148.25,187.023,58,73.5781,-6,0,1,1,0
10087224,897,1,1,0,0.515132,145.812,186.969,56.625,73.25,-6,0,1,1,0
10096125,893,1,1,0,0.654454,141.852,187.766,64.4531,73.6562,-8,0,1,1,0
10103892,896,1,1,0,0.481941,139.391,187.414,64.8438,72.4844,-10,0,1,1,0
10111541,894,1,1,0,0.565059,139.586,187.727,62.5781,72.0469,-8,1,1,1,0
10119866,894,1,1,0,0.644224,139.078,187.508,62.0312,72.8906,-9,0,1,1,0
10128039,895,1,1,0,0.376164,135.84,186.922,64.0547,71.5938,-10,0,1,1,0
10136000,897,1,1,0,0.250913,133.867,186.344,60.8906,71.8125,-11,0,1,1,0
10143859,893,1,1,0,0.250913,133.867,186.344,60.8906,71.8125,-2,0,0,0,0
10152034,895,1,1,0,0.326379,133.086,186.039,59.8594,71.5469,-12,0,1,1,0
10157723,893,1,1,0,0.326379,133.086,186.039,59.8594,71.5469,-1,0,0,0,0
10164384,894,1,1,0,0.240598,134.199,185.547,54.7266,71.9062,-10,-1,1,1,0
10172730,891,1,1,0,0.240598,134.199,185.547,54.7266,71.9062,-1,0,0,0,0
10181148,892,1,1,0,0.240598,134.199,185.547,54.7266,71.9062,0,0,0,0,0
10189500,894,1,1,0,0.240598,134.199,185.547,54.7266,71.9062,0,-1,0,0,0
10197681,896,1,1,0,0.207215,134.309,185.531,51.9922,70.125,-10,0,1,1,0
10205762,894,1,1,0,0.202917,131.383,187.43,53.5156,67.1094,-12,1,1,1,0
10213500,894,1,1,0,0.471223,144.352,187.656,50.2969,66.8125,-3,1,1,1,0
10219273,895,1,1,0,0.428712,146.438,186.484,53,69.7188,-1,0,1,1,0
10226541,894,1,1,0,0.542378,147.344,186.188,52.4375,68.0625,-2,1,1,1,0
10235061,896,1,1,0,0.736781,150.133,185.625,55.7344,70.5625,-1,0,1,1,0
10242757,894,1,1,0,0.466845,152.133,185.273,58.3281,70.4531,0,0,1,1,0
10250684,893,1,1,0,0.700485,154.035,185.219,58.9297,70.75,0,-1,1,1,0
10263793,1165,1,1,0,0.78695,156.008,184.891,63.6094,72.8438,1,-1,1,1,0
10268522,893,1,1,0,0.522446,161.07,183.625,61.3594,70.8125,4,0,1,1,0
10275946,894,1,1,0,0.626125,171.484,183.266,45.4062,69.8438,8,-1,1,1,0
10284509,895,1,1,0,0.266071,167.391,183.266,59.7812,71.5938,4,0,1,1,0
10292121,895,1,1,0,0.266071,167.391,183.266,59.7812,71.5938,2,-1,0,0,0
10297665,896,1,1,0,0.302392,179.969,181.555,52.0625,71.7656,11,-1,1,1,0
10305485,895,1,1,0,0.228158,180.133,180.719,51.3906,69.5625,11,-1,1,1,0
10312979,894,1,1,0,0.325307,170.406,180.875,71.4375,72,2,-1,1,1,0
10318420,894,1,1,0,0.281603,172.164,181.5,73.5781,73.9375,4,-2,1,1,0
10325909,895,1,1,0,0.480966,170.188,181.578,68.875,74.0312,2,-1,1,1,0
10333410,897,1,1,0,0.741301,170.234,181.133,69.7188,74.4844,3,-1,1,1,0
10342500,896,1,1,0,0.68342,174.766,179.141,70.5938,72.2812,5,-2,1,1,0
10350365,894,1,1,0,0.680029,178.227,178.062,62.9844,70.625,7,-2,1,1,0
10358598,894,1,1,0,0.767339,179.914,177.109,59.9219,71.7812,9,-2,1,1,0
10370945,1161,1,1,0,0.712633,178.742,177.586,58.7969,71.2969,7,-2,1,1,0
10378495,897,1,1,0,0.652241,181.176,176.344,54.1484,73.125,8,-4,1,1,0
10383797,896,1,1,0,0.713033,182.047,177.125,51.4688,71.875,9,-2,1,1,0
10391759,893,1,1,0,0.587943,182.617,176.969,50.2031,71.1875,9,-2,1,1,0
10398555,895,1,1,0,0.640185,183.605,176.547,51.1641,71.6562,10,-3,1,1,0
10407258,895,1,1,0,0.304042,190.719,175.688,39.1562,70.125,14,-2,1,1,0
10415981,896,1,1,0,0.375477,190.559,173.992,42.3672,71.4531,14,-4,1,1,0
10424124,895,1,1,0,0.295433,193.082,175.781,38.6484,69.4375,15,-2,1,1,0
10429562,895,1,1,0,0.268175,193.336,174.797,36.7969,66.0312,15,-3,1,1,0
10434469,897,1,1,0,0.209147,194.844,173.766,35.5,65.7188,15,-2,1,1,0
10443368,894,1,1,0,0.226785,193.992,172.25,40.1094,72.375,15,-6,1,1,0
10448491,895,1,1,0,0.242028,194.73,174.156,38.4766,69.0625,14,-3,1,1,0
10456247,902,1,1,0,0.200871,194.246,173.672,37.3203,68.0938,15,-3,1,1,0
10463796,895,1,1,0,0.450843,195.301,172.609,35.0547,72.7188,15,-5,1,1,0
10469183,898,1,1,0,0.354657,195.613,176.742,32.4609,63.6094,15,0,1,1,0
10477292,894,1,1,0,0.435901,196.305,175.547,32.5156,67.4688,16,-1,1,1,0
10485177,896,1,1,0,0.657539,198.824,174.602,27.5391,70.1406,17,-3,1,1,0
10493645,896,1,1,0,0.631141,199.875,176.492,27.0938,69.4844,18,-2,1,1,0
10501747,895,1,1,0,0.360264,200.996,177.844,25.3828,69.6875,18,-1,1,1,0
10509278,896,1,1,0,0.619701,202.844,176.836,22.4844,72.3594,19,-3,1,1,0
10517203,896,1,1,0,0.54577,203.559,178.07,20.2109,69.2031,20,-1,1,1,0
10525788,895,1,1,0,0.338077,204.324,178.641,18.8672,67.6562,20,0,1,1,0
10533595,894,1,1,0,0.25739,205.117,177.406,18.0781,70.5,21,-2,1,1,0
10541894,895,1,1,0,0.239352,206.395,175.656,13.7422,73.5625,21,-4,1,1,0
10549520,893,1,1,0,0.239352,206.395,175.656,13.7422,73.5625,1,-1,0,0,0
10557517,893,1,1,0,0.239352,206.395,175.656,13.7422,73.5625,1,-1,0,0,0
10565222,894,1,1,0,0.239352,206.395,175.656,13.7422,73.5625,0,0,0,0,0
10573022,890,1,0,-1,0,0,0,0,0,0,0,0,0,0
10580738,893,1,0,-1,0,0,0,0,0,0,0,0,0,0
10589004,893,1,0,-1,0,0,0,0,0,0,0,0,0,0
10597347,895,1,0,-1,0,0,0,0,0,0,0,0,0,0
10605285,893,1,0,-1,0,0,0,0,0,0,0,0,0,0
10613871,894,1,0,-1,0,0,0,0,0,0,0,0,0,0
10622059,890,1,0,-1,0,0,0,0,0,0,0,0,0,0
10630271,894,1,0,-1,0,0,0,0,0,0,0,0,0,0
10635337,892,1,0,-1,0,0,0,0,0,0,0,0,0,0
10642460,894,1,0,-1,0,0,0,0,0,0,0,0,0,0
10650895,893,1,0,-1,0,0,0,0,0,0,0,0,0,0
10659098,890,1,0,-1,0,0,0,0,0,0,0,0,0,0
10667800,892,1,0,-1,0,0,0,0,0,0,0,0,0,0
10679465,1224,1,0,-1,0,0,0,0,0,0,0,0,0,0
10684748,893,1,0,-1,0,0,0,0,0,0,0,0,0,0
10690191,891,1,0,-1,0,0,0,0,0,0,0,0,0,0
10695296,895,1,0,-1,0,0,0,0,0,0,0,0,0,0
10704818,894,1,0,-1,0,0,0,0,0,0,0,0,0,0
10713294,894,1,0,-1,0,0,0,0,0,0,0,0,0,0
10719568,894,1,0,-1,0,0,0,0,0,0,0,0,0,0
10724871,894,1,0,-1,0,0,0,0,0,0,0,0,0,0
10731601,891,1,0,-1,0,0,0,0,0,0,0,0,0,0
10739721,895,1,0,-1,0,0,0,0,0,0,0,0,0,0
10747034,895,1,0,-1,0,0,0,0,0,0,0,0,0,0
10759016,1159,1,0,-1,0,0,0,0,0,0,0,0,0,0
10764951,890,1,0,-1,0,0,0,0,0,0,0,0,0,0
10774326,893,1,0,-1,0,0,0,0,0,0,0,0,0,0
10781543,892,1,0,-1,0,0,0,0,0,0,0,0,0,0
10792615,895,1,0,-1,0,0,0,0,0,0,0,0,0,0
10798597,895,1,0,-1,0,0,0,0,0,0,0,0,0,0
10804816,893,1,0,-1,0,0,0,0,0,0,0,0,0,0
10811023,893,1,0,-1,0,0,0,0,0,0,0,0,0,0
10818159,894,1,0,-1,0,0,0,0,0,0,0,0,0,0
10823968,895,1,0,-1,0,0,0,0,0,0,0,0,0,0
10831852,895,1,0,-1,0,0,0,0,0,0,0,0,0,0
10840544,893,1,0,-1,0,0,0,0,0,0,0,0,0,0
10845810,893,1,0,-1,0,0,0,0,0,0,0,0,0,0
10851777,890,1,0,-1,0,0,0,0,0,0,0,0,0,0
10856618,894,1,0,-1,0,0,0,0,0,0,0,0,0,0
10863593,893,1,0,-1,0,0,0,0,0,0,0,0,0,0
10871155,892,1,0,-1,0,0,0,0,0,0,0,0,0,0
10879979,892,1,0,-1,0,0,0,0,0,0,0,0,0,0
10885317,894,1,0,-1,0,0,0,0,0,0,0,0,0,0
10893010,891,1,0,-1,0,0,0,0,0,0,0,0,0,0
10897969,893,1,0,-1,0,0,0,0,0,0,0,0,0,0
10904092,892,1,0,-1,0,0,0,0,0,0,0,0,0,0
10911311,892,1,0,-1,0,0,0,0,0,0,0,0,0,0
10917001,891,1,0,-1,0,0,0,0,0,0,0,0,0,0
10926111,889,1,0,-1,0,0,0,0,0,0,0,0,0,0
10933584,892,1,0,-1,0,0,0,0,0,0,0,0,0,0
10941876,890,1,0,-1,0,0,0,0,0,0,0,0,0,0
10950554,893,1,0,-1,0,0,0,0,0,0,0,0,0,0
10959225,891,1,0,-1,0,0,0,0,0,0,0,0,0,0
10967318,893,1,0,-1,0,0,0,0,0,0,0,0,0,0
10976377,893,1,0,-1,0,0,0,0,0,0,0,0,0,0
10983572,892,1,0,-1,0,0,0,0,0,0,0,0,0,0
10991257,892,1,0,-1,0,0,0,0,0,0,0,0,0,0
10999229,893,1,0,-1,0,0,0,0,0,0,0,0,0,0
11007928,895,1,0,-1,0,0,0,0,0,0,0,0,0,0
11015772,893,1,0,-1,0,0,0,0,0,0,0,0,0,0
11024631,895,1,0,-1,0,0,0,0,0,0,0,0,0,0
11037037,891,1,0,-1,0,0,0,0,0,0,0,0,0,0
11045234,891,1,0,-1,0,0,0,0,0,0,0,0,0,0
11053655,891,1,0,-1,0,0,0,0,0,0,0,0,0,0
11061269,893,1,0,-1,0,0,0,0,0,0,0,0,0,0
11069222,893,1,0,-1,0,0,0,0,0,0,0,0,0,0
11077478,892,1,0,-1,0,0,0,0,0,0,0,0,0,0
11086392,893,1,0,-1,0,0,0,0,0,0,0,0,0,0
11093797,891,1,0,-1,0,0,0,0,0,0,0,0,0,0
11099612,892,1,0,-1,0,0,0,0,0,0,0,0,0,0
11105600,893,1,0,-1,0,0,0,0,0,0,0,0,0,0
11113555,892,1,0,-1,0,0,0,0,0,0,0,0,0,0
11122319,893,1,0,-1,0,0,0,0,0,0,0,0,0,0
11128126,891,1,0,-1,0,0,0,0,0,0,0,0,0,0
11132913,891,1,0,-1,0,0,0,0,0,0,0,0,0,0
11139103,891,1,0,-1,0,0,0,0,0,0,0,0,0,0
11144685,893,1,0,-1,0,0,0,0,0,0,0,0,0,0
11153505,892,1,0,-1,0,0,0,0,0,0,0,0,0,0
11160423,890,1,0,-1,0,0,0,0,0,0,0,0,0,0
11172354,892,1,0,-1,0,0,0,0,0,0,0,0,0,0
11180721,889,1,0,-1,0,0,0,0,0,0,0,0,0,0
11185652,890,1,0,-1,0,0,0,0,0,0,0,0,0,0
11193451,889,1,0,-1,0,0,0,0,0,0,0,0,0,0
11201800,892,1,0,-1,0,0,0,0,0,0,0,0,0,0
11210637,892,1,0,-1,0,0,0,0,0,0,0,0,0,0
11218724,889,1,0,-1,0,0,0,0,0,0,0,0,0,0
11224557,892,1,0,-1,0,0,0,0,0,0,0,0,0,0
11231825,892,1,0,-1,0,0,0,0,0,0,0,0,0,0
11237096,892,1,0,-1,0,0,0,0,0,0,0,0,0,0
11245200,892,1,0,-1,0,0,0,0,0,0,0,0,0,0
11252843,891,1,0,-1,0,0,0,0,0,0,0,0,0,0
11261982,892,1,0,-1,0,0,0,0,0,0,0,0,0,0
11267689,892,1,0,-1,0,0,0,0,0,0,0,0,0,0
11272892,891,1,0,-1,0,0,0,0,0,0,0,0,0,0
11278656,894,1,0,-1,0,0,0,0,0,0,0,0,0,0
11285834,891,1,0,-1,0,0,0,0,0,0,0,0,0,0
11294011,893,1,0,-1,0,0,0,0,0,0,0,0,0,0
11302377,891,1,0,-1,0,0,0,0,0,0,0,0,0,0
11311496,891,1,0,-1,0,0,0,0,0,0,0,0,0,0
11316736,893,1,0,-1,0,0,0,0,0,0,0,0,0,0
11322608,890,1,0,-1,0,0,0,0,0,0,0,0,0,0
11330646,890,1,0,-1,0,0,0,0,0,0,0,0,0,0
11339359,891,1,0,-1,0,0,0,0,0,0,0,0,0,0
11347737,891,1,0,-1,0,0,0,0,0,0,0,0,0,0
11355544,892,1,0,-1,0,0,0,0,0,0,0,0,0,0
11364243,898,1,0,-1,0,0,0,0,0,0,0,0,0,0
11371982,891,1,0,-1,0,0,0,0,0,0,0,0,0,0
11380165,894,1,0,-1,0,0,0,0,0,0,0,0,0,0
11388451,891,1,0,-1,0,0,0,0,0,0,0,0,0,0
11396399,891,1,0,-1,0,0,0,0,0,0,0,0,0,0
11404241,898,1,0,-1,0,0,0,0,0,0,0,0,0,0
11412512,892,1,0,-1,0,0,0,0,0,0,0,0,0,0
11420568,894,1,0,-1,0,0,0,0,0,0,0,0,0,0
11428817,893,1,0,-1,0,0,0,0,0,0,0,0,0,0
11436992,894,1,0,-1,0,0,0,0,0,0,0,0,0,0
11445058,893,1,0,-1,0,0,0,0,0,0,0,0,0,0
11452879,897,1,0,-1,0,0,0,0,0,0,0,0,0,0
11460470,892,1,0,-1,0,0,0,0,0,0,0,0,0,0
11469307,892,1,0,-1,0,0,0,0,0,0,0,0,0,0
11477586,891,1,0,-1,0,0,0,0,0,0,0,0,0,0
11483453,893,1,0,-1,0,0,0,0,0,0,0,0,0,0
11490491,892,1,0,-1,0,0,0,0,0,0,0,0,0,0
11498658,892,1,0,-1,0,0,0,0,0,0,0,0,0,0
11506576,892,1,0,-1,0,0,0,0,0,0,0,0,0,0
11514192,891,1,0,-1,0,0,0,0,0,0,0,0,0,0
11522790,891,1,0,-1,0,0,0,0,0,0,0,0,0,0
11534599,891,1,0,-1,0,0,0,0,0,0,0,0,0,0
11540117,894,1,0,-1,0,0,0,0,0,0,0,0,0,0
11547457,893,1,0,-1,0,0,0,0,0,0,0,0,0,0
11555878,893,1,0,-1,0,0,0,0,0,0,0,0,0,0
11564034,892,1,0,-1,0,0,0,0,0,0,0,0,0,0
11572208,896,1,0,-1,0,0,0,0,0,0,0,0,0,0
11580403,892,1,0,-1,0,0,0,0,0,0,0,0,0,0
11589821,893,1,0,-1,0,0,0,0,0,0,0,0,0,0
11597262,890,1,0,-1,0,0,0,0,0,0,0,0,0,0
11605386,889,1,0,-1,0,0,0,0,0,0,0,0,0,0
11611251,891,1,0,-1,0,0,0,0,0,0,0,0,0,0
11618372,893,1,0,-1,0,0,0,0,0,0,0,0,0,0
11627124,893,1,0,-1,0,0,0,0,0,0,0,0,0,0
11632262,900,1,0,-1,0,0,0,0,0,0,0,0,0,0
11639135,893,1,0,-1,0,0,0,0,0,0,0,0,0,0
11647464,893,1,0,-1,0,0,0,0,0,0,0,0,0,0
11656397,893,1,0,-1,0,0,0,0,0,0,0,0,0,0
